{
  "name": "enoch",
  "tileSize": 256,
  "maxZoom": 6,
  "width": 12827,
  "height": 12827,
  "worldSize": 12800.0,
  "margin": 13.333333333333334,
  "pixelsPerMeter": 1.0000260416666666
}